<?xml version="1.0" encoding="UTF-8"?>
<project-private xmlns="http://www.netbeans.org/ns/project-private/1">
    <editor-bookmarks xmlns="http://www.netbeans.org/ns/editor-bookmarks/2" lastBookmarkId="0"/>
    <open-files xmlns="http://www.netbeans.org/ns/projectui-open-files/2">
        <group>
            <file>file:/C:/Users/Home/Downloads/SquareDeal%20v0.2/SquareDeal/src/br/com/inatel/sellcar/view/CadastrarFuncionario.java</file>
            <file>file:/C:/Users/Home/Downloads/SquareDeal%20v0.2/SquareDeal/src/br/com/inatel/sellcar/view/Buscar.java</file>
            <file>file:/C:/Users/Home/Downloads/SquareDeal%20v0.2/SquareDeal/src/sellcar/Buscar.java</file>
            <file>file:/C:/Users/Home/Downloads/SquareDeal%20v0.2/SquareDeal/src/sellcar/Armazenamento.java</file>
        </group>
    </open-files>
</project-private>
