<?xml version="1.0" encoding="UTF-8"?>
<project-private xmlns="http://www.netbeans.org/ns/project-private/1">
    <editor-bookmarks xmlns="http://www.netbeans.org/ns/editor-bookmarks/2" lastBookmarkId="0"/>
    <open-files xmlns="http://www.netbeans.org/ns/projectui-open-files/2">
        <group>
            <file>file:/C:/Users/C%20I%20C%20E%20R%20O/Downloads/SquareDeal_v1.0/SquareDeal/src/br/com/inatel/squaredeal/view/Login.java</file>
            <file>file:/C:/Users/C%20I%20C%20E%20R%20O/Downloads/SquareDeal_v1.0/SquareDeal/src/br/com/inatel/squaredeal/view/Vender.java</file>
            <file>file:/C:/Users/C%20I%20C%20E%20R%20O/Downloads/SquareDeal_v1.0/SquareDeal/src/br/com/inatel/squaredeal/view/Buscar.java</file>
        </group>
    </open-files>
</project-private>
